dataset,delta_shrink_mean,delta_shrink_ci_low,delta_shrink_ci_high
CIFAR-10 grayscale PCA,0.01009201244900913,0.009208922055681978,0.010975102842336281
EMNIST Balanced,0.010086580595013267,0.009435974582969225,0.01073718660705731
Kuzushiji-MNIST,0.010347055143571825,0.009557414712736904,0.011136695574406746
