multiplier,delta_min,r_min,pass_count
0.9,0.0135,0.5850000000000001,1
1.0,0.015,0.65,1
1.1,0.0165,0.7150000000000001,0
